system,bleu,rouge1,rouge2,rougeL,bertscore_P,bertscore_R,bertscore_F1
llm,8.727314388622514,0.3317824769962227,0.15867503469771577,0.2489852294418328,0.914280116558075,0.876259982585907,0.8947189450263977
rag_bm25,7.745773681513743,0.2761452491510359,0.11984628900513891,0.2052707390697045,0.9000834822654724,0.8679095506668091,0.8834903240203857
rag_dense,6.544413089448372,0.3007968507448481,0.11109725465028897,0.21526254684195603,0.9046597480773926,0.8725385069847107,0.88811194896698
