system,qa_accuracy,bleu,rouge1,rouge2,rougeL,bertscore_P,bertscore_R,bertscore_F1
llm,0.0,0.3915796285327341,0.03242144293614882,0.0,0.03242144293614882,0.8796232342720032,0.8686860799789429,0.8739493489265442
rag_bm25,0.0,0.218734379958606,0.010984699192997157,0.0,0.010984699192997157,0.8414151072502136,0.8473724126815796,0.8440860509872437
rag_dense,0.0375,3.6877126271490317,0.07260575581073318,0.018000539967805696,0.06928017441538434,0.8497835397720337,0.8541966676712036,0.8517049551010132
