system,qa_accuracy,bleu,rouge1,rouge2,rougeL
llm,0.0,0.28191805251076585,0.06781171797631903,0.012006496696190161,0.06301258684448573
rag_bm25,0.0,2.044652880998683,0.11599988004195887,0.0635375113207685,0.11314863286400874
rag_dense,0.0,2.4978046041746786,0.1224507021202604,0.06772388766141972,0.1201204817953811
rag_hybrid,0.0,2.1575007635178456,0.11847214022525723,0.06525346612669204,0.11656851548712772
