system,bleu,rouge1,rouge2,rougeL
llm,10.924853358749612,0.3646651310272206,0.1760206212127922,0.27455028764294764
rag_bm25,9.440945101677997,0.3053778428269026,0.13348000505169408,0.22134556269972577
rag_dense,7.401152497144711,0.2907304376749174,0.1159269350156916,0.21134911570261322
rag_hybrid,8.822876042606792,0.3073029435156052,0.13114693511211575,0.22598416495277968
