system,qa_accuracy,bleu,rouge1,rouge2,rougeL
llm,0.0175,0.6087894592865105,0.062352686121068486,0.005202380952380953,0.06201935278773514
rag_bm25,0.0025,1.0413909926645015,0.014527147304202468,0.005346038826516975,0.01397727518144032
rag_dense,0.0325,1.5291078039129367,0.049799582618574804,0.022556418956513644,0.0490926185681325
rag_hybrid,0.005,1.8586583775396135,0.017356700629943496,0.006072896204475151,0.017256700629943496
