system,bleu,rouge1,rouge2,rougeL
llm,9.685896948940405,0.38775084775814245,0.17109013661587405,0.2513891834336767
rag_bm25,9.564673785526278,0.3666140818873852,0.1555654315279776,0.23217790787802456
rag_dense,9.76415341262156,0.365806629779727,0.15841821130648984,0.23683043548434385
rag_hybrid,9.85953854285724,0.3630357432066599,0.15681203672704921,0.23259591532072169
